--
-- PostgreSQL database dump
--

-- Dumped from database version 9.5.14
-- Dumped by pg_dump version 9.5.14

SET statement_timeout = 0;
SET lock_timeout = 0;
SET client_encoding = 'UTF8';
SET standard_conforming_strings = on;
SELECT pg_catalog.set_config('search_path', '', false);
SET check_function_bodies = false;
SET client_min_messages = warning;
SET row_security = off;

ALTER TABLE ONLY public.stock DROP CONSTRAINT stock_store_name_fkey;
ALTER TABLE ONLY public.stock DROP CONSTRAINT stock_apparel_id_fkey;
ALTER TABLE ONLY public.store DROP CONSTRAINT store_pkey;
ALTER TABLE ONLY public.stock DROP CONSTRAINT stock_pkey;
ALTER TABLE ONLY public.apparel DROP CONSTRAINT apparel_pkey;
DROP TABLE public.store;
DROP TABLE public.stock;
DROP TABLE public.apparel;
DROP EXTENSION plpgsql;
DROP SCHEMA public;
--
-- Name: public; Type: SCHEMA; Schema: -; Owner: postgres
--

CREATE SCHEMA public;


ALTER SCHEMA public OWNER TO postgres;

--
-- Name: SCHEMA public; Type: COMMENT; Schema: -; Owner: postgres
--

COMMENT ON SCHEMA public IS 'standard public schema';


--
-- Name: plpgsql; Type: EXTENSION; Schema: -; Owner: 
--

CREATE EXTENSION IF NOT EXISTS plpgsql WITH SCHEMA pg_catalog;


--
-- Name: EXTENSION plpgsql; Type: COMMENT; Schema: -; Owner: 
--

COMMENT ON EXTENSION plpgsql IS 'PL/pgSQL procedural language';


SET default_tablespace = '';

SET default_with_oids = false;

--
-- Name: apparel; Type: TABLE; Schema: public; Owner: flash
--

CREATE TABLE public.apparel (
    id integer NOT NULL,
    name character varying(128) NOT NULL,
    brand character varying(128) NOT NULL,
    manufacturer character varying(128) NOT NULL,
    style character varying(64) NOT NULL,
    color character varying(64) NOT NULL,
    size character varying(8) NOT NULL,
    price numeric NOT NULL,
    image character varying(16) NOT NULL,
    CONSTRAINT apparel_size_check CHECK (((size)::text = ANY (ARRAY[('3XS'::character varying)::text, ('2XS'::character varying)::text, ('XS'::character varying)::text, ('S'::character varying)::text, ('M'::character varying)::text, ('L'::character varying)::text, ('XL'::character varying)::text, ('2XL'::character varying)::text, ('3XL'::character varying)::text])))
);


ALTER TABLE public.apparel OWNER TO flash;

--
-- Name: stock; Type: TABLE; Schema: public; Owner: flash
--

CREATE TABLE public.stock (
    quantity numeric NOT NULL,
    location_in_store character varying(128) NOT NULL,
    store_name character varying(128) NOT NULL,
    apparel_id integer NOT NULL
);


ALTER TABLE public.stock OWNER TO flash;

--
-- Name: store; Type: TABLE; Schema: public; Owner: flash
--

CREATE TABLE public.store (
    name character varying(128) NOT NULL,
    location character varying(256) NOT NULL
);


ALTER TABLE public.store OWNER TO flash;

--
-- Data for Name: apparel; Type: TABLE DATA; Schema: public; Owner: flash
--

COPY public.apparel (id, name, brand, manufacturer, style, color, size, price, image) FROM stdin;
1	blouse	h&m	Daniel-Walker	casual	Black	3XL	14.25	image1
2	blouse	h&m	Thompson LLC	casual	Grey	XL	56.25	image2
3	blouse	h&m	Wisoky-Upton	casual	Pink	2XL	85.33	image3
4	blouse	h&m	Ratke, Brekke and Quitzon	casual	Blue	S	23.60	image4
5	jacket	forever 21	Smith, Volkman and Collier	formal	Black	L	64.13	image5
6	hoodie	topshop	Weissnat, Frami and Block	winter	White	L	86.72	image6
7	shorts	topmen	Johns-Oberbrunner	casual	Floral	3XL	85.22	image7
8	shirt	topmen	Frami Inc	spring	Maroon	M	18.05	image8
9	jeans	h&m	Vandervort-Reynolds	fall	Blue	XS	67.62	image9
10	dress	topshop	Jerde, Kris and Kuvalis	casual	Red	S	77.22	image10
11	jacket	topmen	Kuphal, Wunsch and Kautzer	spring	Black	M	17.71	image11
12	shorts	cotton on	Osinski-Von	spring	Green	L	72.78	image12
13	croptop	temt	Dickens Group	casual	Black	3XL	12.50	image13
14	round neck t-shirt	topmen	Connell, Harber and Thiel	casual	Grey	L	49.50	image14
15	shorts	forever 21	McCullough LLC	casual	Fuscia	M	90.05	image15
16	dress	topshop	DuBuque-Lowe	casual	Multi	S	55.25	image16
17	dress	temt	Mraz Inc	summer	Floral	3XL	15.21	image17
18	hoodie	h&m	Schuster-Kohler	fall	Grey	XL	62.09	image18
19	dress	forever 21	Lueilwitz and Sons	winter	Navy	XL	55.09	image19
20	round neck t-shirt	topmen	Walker-McKenzie	summer	Puce	XS	71.92	image20
21	jacket	temt	Kertzmann-Bosco	formal	Indigo	2XL	31.63	image21
22	jeans	temt	Haley-Lueilwitz	summer	Orange	2XL	96.72	image22
23	round neck t-shirt	temt	Block-Mayer	summer	Navy	3XL	63.84	image23
24	jacket	temt	Trantow Inc	spring	Black	3XL	56.07	image24
25	jeans	h&m	Schulist Inc	winter	Blue	XL	63.55	image25
26	shorts	topshop	Reynolds, Oberbrunner and Towne	casual	Mauv	3XL	41.28	image26
27	jacket	forever 21	Turcotte Inc	spring	Khaki	S	16.82	image27
28	hoodie	forever 21	Schaden LLC	fall	Yellow	2XL	60.45	image28
29	jacket	cotton on	Goyette LLC	spring	Navy	XL	37.06	image29
30	jeans	topmen	Steuber-Funk	spring	Denim	XS	23.03	image30
31	skirt	topshop	Shields-Feeney	fall	White	S	61.76	image31
32	shirt	topmen	Schaefer-Feil	formal	Maroon	3XL	20.94	image32
33	dress	temt	Weissnat LLC	winter	Floral	3XL	84.32	image33
34	jeans	forever 21	Kozey-Halvorson	summer	Denim	3XL	91.92	image34
35	round neck t-shirt	topshop	Tillman and Sons	casual	Black	3XL	34.16	image35
36	hoodie	h&m	Schultz LLC	fall	Yellow	L	85.34	image36
37	hoodie	cotton on	Torphy Group	casual	Grey	XL	17.76	image37
38	jacket	h&m	Mayert LLC	spring	Brown	XL	25.19	image38
39	dress	forever 21	Gottlieb Inc	fall	Teal	L	52.56	image39
40	jeans	topmen	Kling Group	spring	Grey	2XL	97.32	image40
41	blouse	cotton on	Tromp-Luettgen	fall	Pink	XS	87.71	image41
42	jeans	temt	Moen, Ruecker and Reynolds	summer	Denim	S	86.65	image42
43	hoodie	topshop	Kuphal-Greenfelder	winter	Grey	S	46.82	image43
44	jacket	topshop	Schumm Inc	spring	Brown	XL	42.57	image44
45	shorts	h&m	Schoen Inc	casual	Denim	3XL	53.17	image45
46	dress	h&m	Buckridge-Wintheiser	spring	Green	2XL	59.89	image46
47	blouse	topshop	Ferry, Gleason and Hara	casual	Pink	XL	83.03	image47
48	jacket	cotton on	Jast-Raynor	casual	Blue	3XL	78.19	image48
49	shorts	topmen	Kirlin-Kassulke	winter	Green	XS	70.82	image49
50	round neck t-shirt	forever 21	Wilkinson LLC	casual	Khaki	S	53.15	image50
51	blouse	h&m	Daniel-Walker	casual	Black	L	14.25	image1
52	blouse	h&m	Thompson LLC	casual	Grey	L	56.25	image2
53	blouse	h&m	Wisoky-Upton	casual	Pink	XL	85.33	image3
54	blouse	h&m	Ratke, Brekke and Quitzon	casual	Blue	M	23.60	image4
55	jacket	forever 21	Smith, Volkman and Collier	formal	Black	M	64.13	image5
56	hoodie	topshop	Weissnat, Frami and Block	winter	White	M	86.72	image6
57	shorts	topmen	Johns-Oberbrunner	casual	Floral	2XL	85.22	image7
58	shirt	topmen	Frami Inc	spring	Maroon	M	18.05	image8
59	jeans	h&m	Vandervort-Reynolds	fall	Blue	S	67.62	image9
60	dress	topshop	Jerde, Kris and Kuvalis	casual	Red	M	77.22	image10
61	jacket	topmen	Kuphal, Wunsch and Kautzer	spring	Black	M	17.71	image11
62	shorts	cotton on	Osinski-Von	spring	Green	M	72.78	image12
63	croptop	temt	Dickens Group	casual	Black	2XL	12.50	image13
64	round neck t-shirt	topmen	Connell, Harber and Thiel	casual	Grey	M	49.50	image14
65	shorts	forever 21	McCullough LLC	casual	Fuscia	M	90.05	image15
66	dress	topshop	DuBuque-Lowe	casual	Multi	M	55.25	image16
67	dress	temt	Mraz Inc	summer	Floral	2XL	15.21	image17
68	hoodie	h&m	Schuster-Kohler	fall	Grey	L	62.09	image18
69	dress	forever 21	Lueilwitz and Sons	winter	Navy	L	55.09	image19
70	round neck t-shirt	topmen	Walker-McKenzie	summer	Puce	S	71.92	image20
71	jacket	temt	Kertzmann-Bosco	formal	Indigo	XL	31.63	image21
72	jeans	temt	Haley-Lueilwitz	summer	Orange	XL	96.72	image22
73	round neck t-shirt	temt	Block-Mayer	summer	Navy	2XL	63.84	image23
74	jacket	temt	Trantow Inc	spring	Black	2XL	56.07	image24
75	jeans	h&m	Schulist Inc	winter	Blue	L	63.55	image25
76	shorts	topshop	Reynolds, Oberbrunner and Towne	casual	Mauv	2XL	41.28	image26
77	jacket	forever 21	Turcotte Inc	spring	Khaki	M	16.82	image27
78	hoodie	forever 21	Schaden LLC	fall	Yellow	XL	60.45	image28
79	jacket	cotton on	Goyette LLC	spring	Navy	L	37.06	image29
80	jeans	topmen	Steuber-Funk	spring	Denim	S	23.03	image30
81	skirt	topshop	Shields-Feeney	fall	White	M	61.76	image31
82	shirt	topmen	Schaefer-Feil	formal	Maroon	XL	20.94	image32
83	dress	temt	Weissnat LLC	winter	Floral	XL	84.32	image33
84	jeans	forever 21	Kozey-Halvorson	summer	Denim	XL	91.92	image34
85	round neck t-shirt	topshop	Tillman and Sons	casual	Black	XL	34.16	image35
86	hoodie	h&m	Schultz LLC	fall	Yellow	M	85.34	image36
87	hoodie	cotton on	Torphy Group	casual	Grey	M	17.76	image37
88	jacket	h&m	Mayert LLC	spring	Brown	L	25.19	image38
89	dress	forever 21	Gottlieb Inc	fall	Teal	M	52.56	image39
90	jeans	topmen	Kling Group	spring	Grey	XL	97.32	image40
91	blouse	cotton on	Tromp-Luettgen	fall	Pink	S	87.71	image41
92	jeans	temt	Moen, Ruecker and Reynolds	summer	Denim	M	86.65	image42
93	hoodie	topshop	Kuphal-Greenfelder	winter	Grey	M	46.82	image43
94	jacket	topshop	Schumm Inc	spring	Brown	L	42.57	image44
95	shorts	h&m	Schoen Inc	casual	Denim	2XL	53.17	image45
96	dress	h&m	Buckridge-Wintheiser	spring	Green	XL	59.89	image46
97	blouse	topshop	Ferry, Gleason and Hara	casual	Pink	L	83.03	image47
98	jacket	cotton on	Jast-Raynor	casual	Blue	2XL	78.19	image48
99	shorts	topmen	Kirlin-Kassulke	winter	Green	S	70.82	image49
100	round neck t-shirt	forever 21	Wilkinson LLC	casual	Khaki	M	53.15	image50
101	blouse	h&m	Daniel-Walker	casual	Black	M	14.25	image1
102	blouse	h&m	Thompson LLC	casual	Grey	M	56.25	image2
103	blouse	h&m	Wisoky-Upton	casual	Pink	L	85.33	image3
104	blouse	h&m	Ratke, Brekke and Quitzon	casual	Blue	S	23.60	image4
105	jacket	forever 21	Smith, Volkman and Collier	formal	Black	S	64.13	image5
106	hoodie	topshop	Weissnat, Frami and Block	winter	White	S	86.72	image6
107	shorts	topmen	Johns-Oberbrunner	casual	Floral	XL	85.22	image7
108	shirt	topmen	Frami Inc	spring	Maroon	S	18.05	image8
109	jeans	h&m	Vandervort-Reynolds	fall	Blue	XS	67.62	image9
110	dress	topshop	Jerde, Kris and Kuvalis	casual	Red	S	77.22	image10
111	jacket	topmen	Kuphal, Wunsch and Kautzer	spring	Black	S	17.71	image11
112	shorts	cotton on	Osinski-Von	spring	Green	S	72.78	image12
113	croptop	temt	Dickens Group	casual	Black	XL	12.50	image13
114	round neck t-shirt	topmen	Connell, Harber and Thiel	casual	Grey	S	49.50	image14
115	shorts	forever 21	McCullough LLC	casual	Fuscia	S	90.05	image15
116	dress	topshop	DuBuque-Lowe	casual	Multi	S	55.25	image16
117	dress	temt	Mraz Inc	summer	Floral	XL	15.21	image17
118	hoodie	h&m	Schuster-Kohler	fall	Grey	M	62.09	image18
119	dress	forever 21	Lueilwitz and Sons	winter	Navy	M	55.09	image19
120	round neck t-shirt	topmen	Walker-McKenzie	summer	Puce	XS	71.92	image20
121	jacket	temt	Kertzmann-Bosco	formal	Indigo	L	31.63	image21
122	jeans	temt	Haley-Lueilwitz	summer	Orange	L	96.72	image22
123	round neck t-shirt	temt	Block-Mayer	summer	Navy	XL	63.84	image23
124	jacket	temt	Trantow Inc	spring	Black	XL	56.07	image24
125	jeans	h&m	Schulist Inc	winter	Blue	M	63.55	image25
126	shorts	topshop	Reynolds, Oberbrunner and Towne	casual	Mauv	XL	41.28	image26
127	jacket	forever 21	Turcotte Inc	spring	Khaki	S	16.82	image27
128	hoodie	forever 21	Schaden LLC	fall	Yellow	L	60.45	image28
129	jacket	cotton on	Goyette LLC	spring	Navy	M	37.06	image29
130	jeans	topmen	Steuber-Funk	spring	Denim	XS	23.03	image30
131	skirt	topshop	Shields-Feeney	fall	White	S	61.76	image31
132	shirt	topmen	Schaefer-Feil	formal	Maroon	L	20.94	image32
133	dress	temt	Weissnat LLC	winter	Floral	L	84.32	image33
134	jeans	forever 21	Kozey-Halvorson	summer	Denim	L	91.92	image34
135	round neck t-shirt	topshop	Tillman and Sons	casual	Black	L	34.16	image35
136	hoodie	h&m	Schultz LLC	fall	Yellow	S	85.34	image36
137	hoodie	cotton on	Torphy Group	casual	Grey	S	17.76	image37
138	jacket	h&m	Mayert LLC	spring	Brown	M	25.19	image38
139	dress	forever 21	Gottlieb Inc	fall	Teal	S	52.56	image39
140	jeans	topmen	Kling Group	spring	Grey	L	97.32	image40
141	blouse	cotton on	Tromp-Luettgen	fall	Pink	M	87.71	image41
142	jeans	temt	Moen, Ruecker and Reynolds	summer	Denim	S	86.65	image42
143	hoodie	topshop	Kuphal-Greenfelder	winter	Grey	S	46.82	image43
144	jacket	topshop	Schumm Inc	spring	Brown	M	42.57	image44
145	shorts	h&m	Schoen Inc	casual	Denim	XL	53.17	image45
146	dress	h&m	Buckridge-Wintheiser	spring	Green	L	59.89	image46
147	blouse	topshop	Ferry, Gleason and Hara	casual	Pink	M	83.03	image47
148	jacket	cotton on	Jast-Raynor	casual	Blue	XL	78.19	image48
149	shorts	topmen	Kirlin-Kassulke	winter	Green	XS	70.82	image49
150	round neck t-shirt	forever 21	Wilkinson LLC	casual	Khaki	S	53.15	image50
\.


--
-- Data for Name: stock; Type: TABLE DATA; Schema: public; Owner: flash
--

COPY public.stock (quantity, location_in_store, store_name, apparel_id) FROM stdin;
146	WO36	uniqlo	1
7	RZ54	uniqlo	2
173	SY26	uniqlo	3
150	ER74	uniqlo	4
128	WG10	uniqlo	5
100	GT06	uniqlo	6
146	VL39	uniqlo	7
114	UK30	uniqlo	8
200	YL11	uniqlo	9
23	VY41	uniqlo	10
150	HZ89	uniqlo	11
156	SS02	uniqlo	12
169	PT67	uniqlo	13
108	PZ71	uniqlo	14
117	AR87	uniqlo	15
156	BB27	uniqlo	16
7	AX25	uniqlo	17
28	MW48	uniqlo	18
148	RY82	uniqlo	19
134	AU09	uniqlo	20
75	UC36	uniqlo	21
194	VD15	uniqlo	22
123	HI82	uniqlo	23
73	LH66	uniqlo	24
86	EY96	uniqlo	25
147	ZP79	uniqlo	26
98	JK23	uniqlo	27
154	EZ12	uniqlo	28
162	LO00	uniqlo	29
13	KT69	uniqlo	30
52	IN72	uniqlo	31
116	GP63	uniqlo	32
135	IY58	uniqlo	33
153	MI39	uniqlo	34
159	FD71	uniqlo	35
189	HR12	uniqlo	36
22	RJ35	uniqlo	37
167	OY49	uniqlo	38
195	KZ52	uniqlo	39
173	ZL51	uniqlo	40
33	UM31	uniqlo	41
12	FD07	uniqlo	42
14	OM77	uniqlo	43
48	TK07	uniqlo	44
73	KK81	uniqlo	45
67	TG85	uniqlo	46
130	PV05	uniqlo	47
79	IU68	uniqlo	48
61	KJ71	uniqlo	49
114	GP40	uniqlo	50
16	WO36	uniqlo	51
17	RZ54	uniqlo	52
103	SY26	uniqlo	53
100	ER74	uniqlo	54
108	WG10	uniqlo	55
9	GT06	uniqlo	56
14	VL39	uniqlo	57
11	UK30	uniqlo	58
20	YL11	uniqlo	59
23	VY41	uniqlo	60
15	HZ89	uniqlo	61
15	SS02	uniqlo	62
16	PT67	uniqlo	63
10	PZ71	uniqlo	64
11	AR87	uniqlo	65
15	BB27	uniqlo	66
7	AX25	uniqlo	67
28	MW48	uniqlo	68
48	RY82	uniqlo	69
34	AU09	uniqlo	70
75	UC36	uniqlo	71
94	VD15	uniqlo	72
23	HI82	uniqlo	73
73	LH66	uniqlo	74
86	EY96	uniqlo	75
47	ZP79	uniqlo	76
98	JK23	uniqlo	77
54	EZ12	uniqlo	78
62	LO00	uniqlo	79
13	KT69	uniqlo	80
52	IN72	uniqlo	81
16	GP63	uniqlo	82
35	IY58	uniqlo	83
53	MI39	uniqlo	84
59	FD71	uniqlo	85
89	HR12	uniqlo	86
22	RJ35	uniqlo	87
67	OY49	uniqlo	88
95	KZ52	uniqlo	89
173	ZL51	uniqlo	90
3	UM31	uniqlo	91
12	FD07	uniqlo	92
14	OM77	uniqlo	93
48	TK07	uniqlo	94
73	KK81	uniqlo	95
67	TG85	uniqlo	96
131	PV05	uniqlo	97
79	IU68	uniqlo	98
61	KJ71	uniqlo	99
114	GP40	uniqlo	100
146	WO36	uniqlo	101
7	RZ54	uniqlo	102
13	SY26	uniqlo	103
10	ER74	uniqlo	104
18	WG10	uniqlo	105
10	GT06	uniqlo	106
16	VL39	uniqlo	107
14	UK30	uniqlo	108
20	YL11	uniqlo	109
23	VY41	uniqlo	110
10	HZ89	uniqlo	111
16	SS02	uniqlo	112
19	PT67	uniqlo	113
18	PZ71	uniqlo	114
17	AR87	uniqlo	115
16	BB27	uniqlo	116
7	AX25	uniqlo	117
28	MW48	uniqlo	118
18	RY82	uniqlo	119
14	AU09	uniqlo	120
75	UC36	uniqlo	121
194	VD15	uniqlo	122
13	HI82	uniqlo	123
73	LH66	uniqlo	124
86	EY96	uniqlo	125
17	ZP79	uniqlo	126
8	JK23	uniqlo	127
14	EZ12	uniqlo	128
12	LO00	uniqlo	129
13	KT69	uniqlo	130
52	IN72	uniqlo	131
16	GP63	uniqlo	132
15	IY58	uniqlo	133
13	MI39	uniqlo	134
19	FD71	uniqlo	135
19	HR12	uniqlo	136
22	RJ35	uniqlo	137
17	OY49	uniqlo	138
15	KZ52	uniqlo	139
13	ZL51	uniqlo	140
33	UM31	uniqlo	141
12	FD07	uniqlo	142
14	OM77	uniqlo	143
48	TK07	uniqlo	144
73	KK81	uniqlo	145
67	TG85	uniqlo	146
10	PV05	uniqlo	147
79	IU68	uniqlo	148
61	KJ71	uniqlo	149
14	GP40	uniqlo	150
\.


--
-- Data for Name: store; Type: TABLE DATA; Schema: public; Owner: flash
--

COPY public.store (name, location) FROM stdin;
uniqlo	9 Autumn Leaf Point
zara	77 Loftsgordon Lane
forever 21	463 Nancy Crossing
topshop	04 Utah Center
topman	135 Hoepker Street
isetan	4 Fairfield Terrace
cotton on	21996 Jackson Avenue
takashimaya	6 Del Mar Court
h&m	23 New Castle Park
trump tower	7736 Golf Trail
the moon	2613 Ryan Lane
starbucks	61298 Sutteridge Place
com1 basement	3 New Castle Plaza
\.


--
-- Name: apparel_pkey; Type: CONSTRAINT; Schema: public; Owner: flash
--

ALTER TABLE ONLY public.apparel
    ADD CONSTRAINT apparel_pkey PRIMARY KEY (id);


--
-- Name: stock_pkey; Type: CONSTRAINT; Schema: public; Owner: flash
--

ALTER TABLE ONLY public.stock
    ADD CONSTRAINT stock_pkey PRIMARY KEY (store_name, apparel_id);


--
-- Name: store_pkey; Type: CONSTRAINT; Schema: public; Owner: flash
--

ALTER TABLE ONLY public.store
    ADD CONSTRAINT store_pkey PRIMARY KEY (name);


--
-- Name: stock_apparel_id_fkey; Type: FK CONSTRAINT; Schema: public; Owner: flash
--

ALTER TABLE ONLY public.stock
    ADD CONSTRAINT stock_apparel_id_fkey FOREIGN KEY (apparel_id) REFERENCES public.apparel(id);


--
-- Name: stock_store_name_fkey; Type: FK CONSTRAINT; Schema: public; Owner: flash
--

ALTER TABLE ONLY public.stock
    ADD CONSTRAINT stock_store_name_fkey FOREIGN KEY (store_name) REFERENCES public.store(name);


--
-- Name: SCHEMA public; Type: ACL; Schema: -; Owner: postgres
--

REVOKE ALL ON SCHEMA public FROM PUBLIC;
REVOKE ALL ON SCHEMA public FROM postgres;
GRANT ALL ON SCHEMA public TO postgres;
GRANT ALL ON SCHEMA public TO PUBLIC;


--
-- PostgreSQL database dump complete
--

